outcome,label,coef,se,pval,ci_lo,ci_hi,nobs,r2w,method
ncont_total_m,Contratos totales,0.08219799355272434,0.02576166383110155,0.0014194510243590308,0.03170576239183747,0.1326902247136112,228440,-0.00041863551388487963,Stacked DiD
numtar_deb_m,Tarjetas débito,-0.013774155334805829,0.04368436872611452,0.752525970187512,-0.09939444982733264,0.07184613915772098,228440,-0.00017699369317369928,Stacked DiD
numtar_cred_m,Tarjetas crédito,0.0007678072342226344,0.020414374063319984,0.9699977876216512,-0.03924386673869602,0.0407794812071413,228440,4.670086750646618e-08,Stacked DiD
numcontcred_hip_m,Créditos hipotecarios,0.019426839686890664,0.02284376179724377,0.39509145061210127,-0.025346374838878923,0.06420005421266026,228440,-4.395074510710195e-05,Stacked DiD
saldocont_total_m,Saldo total,0.2741252766001174,0.05521433721378107,6.884530439066339e-07,0.1659065258132361,0.3823440273869987,228440,-0.000152683189307945,Stacked DiD
